Address,Type,Value
FMA1.Despalha300.db_hibridos.1,String,P3282VYH
FMA1.Despalha300.db_hibridos.2,String,B2801PWU
FMA1.Despalha300.db_hibridos.3,String,DP138200398
FMA1.Despalha300.db_hibridos.4,String,P3601PWU
FMA1.Despalha300.db_hibridos.5,String,P3845VYHR
FMA1.Despalha300.db_hibridos.6,String,B2811PWU
FMA1.Despalha300.db_hibridos.7,String,P3707VYH
FMA1.Despalha300.db_hibridos.8,String,B2620PWU
FMA1.Despalha300.db_hibridos.9,String,DP138200362
FMA1.Despalha300.db_hibridos.10,String,P3707PWU
FMA1.Despalha300.db_hibridos.11,String,DP155100886
FMA1.Despalha300.db_hibridos.12,String,P3966WVYHR
FMA1.Despalha300.db_hibridos.13,String,P4021PWU
FMA1.Despalha300.db_hibridos.14,String,B2702VYHR
FMA1.Despalha300.db_hibridos.15,String,B2701PWU
FMA1.Despalha300.db_hibridos.16,String,P3016VYHR
FMA1.Despalha300.db_hibridos.17,String,P30001PWUE
FMA1.Despalha300.db_hibridos.18,String,P3322PWU
FMA1.Despalha300.db_hibridos.19,String,P39209PWU
